Name,Company,Email,Industry,Phone,Title,Website
Sarah Johnson,TechCorp,sarah@techcorp.com,SaaS,555-0101,VP of Sales,https://techcorp.com
Michael Chen,DataFlow Inc,mchen@dataflow.io,Data Analytics,555-0102,Director of Analytics,https://dataflow.io
Emma Rodriguez,CloudScale,emma.r@cloudscale.com,Cloud Infrastructure,555-0103,CTO,https://cloudscale.com
James Wilson,StartupX,james@startupx.co,E-commerce,555-0104,Founder,https://startupx.co
Lisa Anderson,EnterpriseCo,l.anderson@enterprise.com,Manufacturing,555-0105,Operations Manager,https://enterprise.com
John Smith,InnovateLabs,john@innovatelabs.com,Software,555-0106,Product Manager,https://innovatelabs.com
Maria Garcia,FinancePro,maria@financepro.com,Financial Services,555-0107,CFO,https://financepro.com
David Lee,TechStart,david@techstart.io,Startup,555-0108,CEO,https://techstart.io

